,链接地址,电影名
0,https://maoyan.com/films/1297466,釜山行2：半岛
1,https://maoyan.com/films/344990,唐人街探案2
2,https://maoyan.com/films/1237925,第一次的离别
3,https://maoyan.com/films/343203,釜山行
4,https://maoyan.com/films/1250952,天气之子
5,https://maoyan.com/films/1215421,我在世界城等你
6,https://maoyan.com/films/1218273,误杀
7,https://maoyan.com/films/1218029,少年的你
8,https://maoyan.com/films/342068,寻梦环游记
9,https://maoyan.com/films/1286836,我是大哥大 电影版
10,https://maoyan.com/films/344264,战狼2
11,https://maoyan.com/films/899,当幸福来敲门
12,https://maoyan.com/films/246591,大鱼海棠
13,https://maoyan.com/films/267,泰坦尼克号
14,https://maoyan.com/films/293,风声
15,https://maoyan.com/films/1251639,毒液2
16,https://maoyan.com/films/248172,复仇者联盟4：终局之战
17,https://maoyan.com/films/343355,恐怖电影院2
18,https://maoyan.com/films/277518,纽约唐人街碎尸案
19,https://maoyan.com/films/125,泰坦尼克号3D
20,https://maoyan.com/films/247949,冰雪奇缘2
21,https://maoyan.com/films/246061,哥斯拉2：怪兽之王
22,https://maoyan.com/films/1277644,两只老虎
23,https://maoyan.com/films/248906,流浪地球
24,https://maoyan.com/films/1186082,灰猎犬号
25,https://maoyan.com/films/916,哈利·波特与死亡圣器（下）
26,https://maoyan.com/films/1285581,数码宝贝大冒险：最后的进化·羁绊
27,https://maoyan.com/films/1217041,南方车站的聚会
28,https://maoyan.com/films/344869,疯狂的外星人
29,https://maoyan.com/films/336798,速度与激情：增压
